{
  "project_info": {
    "project_number": "469810713945",
    "project_id": "mobile2-d6df0",
    "storage_bucket": "mobile2-d6df0.firebasestorage.app"
  },
  "client": [
    {
      "client_info": {
        "mobilesdk_app_id": "1:469810713945:android:0f2e0d56628477a7de2848",
        "android_client_info": {
          "package_name": "fadhlihilmans.firebase"
        }
      },
      "oauth_client": [],
      "api_key": [
        {
          "current_key": "AIzaSyCZ6IrvsstH7dYU0a4V7nP7fIKVIZIrcD0"
        }
      ],
      "services": {
        "appinvite_service": {
          "other_platform_oauth_client": []
        }
      }
    }
  ],
  "configuration_version": "1"
}